date,phase,dataset_version,model,accuracy,precision,recall,f1,auc_roc,notes
2026-09-21,fase3-baseline,v2,logreg,0.9614978660915057,0.9527301296320545,0.9383543977302038,0.9454876226366058,0.9936211961206692,protocolo A: split aleatorio
2026-09-21,fase3-baseline,v2,linear_svc,0.9711807627001974,0.9558597748208802,0.9635027082795976,0.9596660244059088,0.9951815735373014,protocolo A: split aleatorio
2026-09-21,fase3-baseline,v2,multinomial_nb,0.9440135835895553,0.9229673744174003,0.9193964405468146,0.9211784468277555,0.9863755419301681,protocolo A: split aleatorio
2026-09-21,fase3-baseline,v2,random_forest,0.9692074709742554,0.9690107270560191,0.9436419912303328,0.9561581182620059,0.994937905824595,protocolo A: split aleatorio
2026-09-21,fase3-baseline,v2,logreg,0.9627058979808714,0.994693787309308,0.9277563926312895,0.9600597503289825,0.9968765384780356,"protocolo B: LOSO, teste=enron_spam"
2026-09-21,fase3-baseline,v2,linear_svc,0.971606004250797,0.9944392287138009,0.9465218586747319,0.9698890649762282,0.9970868817919598,"protocolo B: LOSO, teste=enron_spam"
2026-09-21,fase3-baseline,v2,multinomial_nb,0.9530419766206164,0.9914683430624158,0.9106406378883696,0.9493371551415264,0.9967590647382019,"protocolo B: LOSO, teste=enron_spam"
2026-09-21,fase3-baseline,v2,random_forest,0.9405220510095643,0.9944190372839314,0.8818394281000825,0.9347517213741848,0.9947659175305463,"protocolo B: LOSO, teste=enron_spam"
2026-09-21,fase3-baseline,v2,logreg,0.866175,0.9660197263760738,0.75905,0.8501189976200476,0.9747597650000001,"protocolo B: LOSO, teste=hf_seven_phishing"
2026-09-21,fase3-baseline,v2,linear_svc,0.877625,0.9613904331358055,0.78685,0.8654073524155187,0.9691819475000002,"protocolo B: LOSO, teste=hf_seven_phishing"
2026-09-21,fase3-baseline,v2,multinomial_nb,0.875775,0.9534785494478972,0.7901,0.8641347442102097,0.9753400775,"protocolo B: LOSO, teste=hf_seven_phishing"
2026-09-21,fase3-baseline,v2,random_forest,0.839725,0.96991493187634,0.7012,0.8139528134884936,0.964662815,"protocolo B: LOSO, teste=hf_seven_phishing"
2026-09-21,fase3-baseline,v2,logreg,0.9733746930334755,0.9369771332961517,0.9475465313028765,0.9422321929332585,0.9951759816276868,"protocolo B: LOSO, teste=hf_zefang_phishing"
2026-09-21,fase3-baseline,v2,linear_svc,0.9822928783766318,0.9559643255295429,0.9672870840383531,0.9615923745444351,0.9974396104016465,"protocolo B: LOSO, teste=hf_zefang_phishing"
2026-09-21,fase3-baseline,v2,multinomial_nb,0.9608375339278791,0.8840125391849529,0.9543147208121827,0.9178193653376729,0.9901015417566501,"protocolo B: LOSO, teste=hf_zefang_phishing"
2026-09-21,fase3-baseline,v2,random_forest,0.9822928783766318,0.9789227166276346,0.943034404963339,0.9606434932490664,0.9979326513697715,"protocolo B: LOSO, teste=hf_zefang_phishing"
2026-09-21,fase3-baseline,v2,logreg,0.43440233236151604,0.15838323353293413,0.8423566878980892,0.26663306451612906,0.6775578176711051,"protocolo B: LOSO, teste=sms_spam_collection"
2026-09-21,fase3-baseline,v2,linear_svc,0.4456754130223518,0.15826674861708667,0.8200636942675159,0.26532715095311693,0.6852153717943114,"protocolo B: LOSO, teste=sms_spam_collection"
2026-09-21,fase3-baseline,v2,multinomial_nb,0.6476190476190476,0.21637146960268072,0.7197452229299363,0.3327199116672801,0.7505086939784452,"protocolo B: LOSO, teste=sms_spam_collection"
2026-09-21,fase3-baseline,v2,random_forest,0.4645286686103013,0.13289609941318606,0.6130573248407644,0.21843971631205675,0.5141429616917829,"protocolo B: LOSO, teste=sms_spam_collection"
2026-09-21,fase3-baseline,v2,logreg,0.902803424542555,0.954512105649303,0.7156215621562156,0.8179817667400189,0.9808840270352235,"protocolo B: LOSO, teste=spamassassin"
2026-09-21,fase3-baseline,v2,linear_svc,0.8828269263051872,0.9827586206896551,0.6270627062706271,0.7656145063801209,0.9670345749240302,"protocolo B: LOSO, teste=spamassassin"
2026-09-21,fase3-baseline,v2,multinomial_nb,0.9415813328856807,0.85888671875,0.9675467546754676,0.9099844800827729,0.9890310606320357,"protocolo B: LOSO, teste=spamassassin"
2026-09-21,fase3-baseline,v2,random_forest,0.9029712942756422,0.9928457869634341,0.687018701870187,0.8120936280884266,0.9953751656876244,"protocolo B: LOSO, teste=spamassassin"
2026-09-21,fase3-url,url_v1,logreg,0.9838725347323424,0.9751280175566935,0.9645441389290883,0.9698072026191342,0.9960168967498368,protocolo A: split aleatorio
2026-09-21,fase3-url,url_v1,random_forest,0.9961138637909259,0.9938361131254533,0.9916787264833574,0.9927562477363274,0.99934916393707,protocolo A: split aleatorio
2026-09-21,fase3-url,url_v1,logreg,0.9731766509132712,0.690677966101695,0.5433333333333333,0.6082089552238806,0.908552928675787,"protocolo B: treina malware, testa phishing"
2026-09-21,fase3-url,url_v1,random_forest,0.9795631626005875,0.9069767441860465,0.52,0.6610169491525424,0.9462777261256474,"protocolo B: treina malware, testa phishing"
2026-09-21,fase3-url,url_v1,logreg,0.9285391225689733,0.9234411996842936,0.950446791226645,0.9367493995196157,0.9808020689998175,protocolo C: benchmark OpenML PhishingWebsites
2026-09-21,fase3-url,url_v1,random_forest,0.973767526006332,0.9710843373493976,0.9821283509341998,0.9765751211631664,0.9977938128947761,protocolo C: benchmark OpenML PhishingWebsites
2026-09-21,fase3-url,url_v1,logreg,0.9838725347323424,0.9751280175566935,0.9645441389290883,0.9698072026191342,0.9960168967498368,protocolo A: split aleatorio
2026-09-21,fase3-url,url_v1,random_forest,0.9961138637909259,0.9938361131254533,0.9916787264833574,0.9927562477363274,0.99934916393707,protocolo A: split aleatorio
2026-09-21,fase3-url,url_v1,logreg,0.9731766509132712,0.690677966101695,0.5433333333333333,0.6082089552238806,0.908552928675787,"protocolo B: treina malware, testa phishing"
2026-09-21,fase3-url,url_v1,random_forest,0.9795631626005875,0.9069767441860465,0.52,0.6610169491525424,0.9462777261256474,"protocolo B: treina malware, testa phishing"
2026-09-21,fase3-url,url_v1,logreg,0.9285391225689733,0.9234411996842936,0.950446791226645,0.9367493995196157,0.9808020689998175,protocolo C: benchmark OpenML PhishingWebsites
2026-09-21,fase3-url,url_v1,random_forest,0.973767526006332,0.9710843373493976,0.9821283509341998,0.9765751211631664,0.9977938128947761,protocolo C: benchmark OpenML PhishingWebsites
2026-09-22,fase3-canal,v2,logreg,0.9737501204122917,0.9653133622388648,0.963162034609334,0.964236498457904,0.9958947569919644,"treino=e-mail, teste=e-mail"
2026-09-22,fase3-canal,v2,linear_svc,0.9795780753299297,0.9694994786235662,0.975091767173571,0.9722875816993464,0.9970949128777797,"treino=e-mail, teste=e-mail"
2026-09-22,fase3-canal,v2,multinomial_nb,0.9563625854927271,0.9496922665239497,0.9305191400104876,0.9400079459674215,0.990319325768695,"treino=e-mail, teste=e-mail"
2026-09-22,fase3-canal,v2,logreg,0.42759961127308066,0.16204379562043797,0.8809523809523809,0.27373612823674476,0.6788834396807819,"treino=e-mail, teste=SMS"
2026-09-22,fase3-canal,v2,linear_svc,0.42759961127308066,0.16005873715124816,0.8650793650793651,0.2701363073110285,0.6832164390303925,"treino=e-mail, teste=SMS"
2026-09-22,fase3-canal,v2,multinomial_nb,0.6656948493683188,0.2315270935960591,0.746031746031746,0.3533834586466165,0.7696742779799258,"treino=e-mail, teste=SMS"
2026-09-22,fase3-canal,v2,logreg,0.6344282824390713,0.5138888888888888,0.0921604614577871,0.1562916851934193,0.5760628075624663,"treino=SMS, teste=e-mail"
2026-09-22,fase3-canal,v2,linear_svc,0.6157884596859647,0.46651314526962195,0.3186942842160461,0.3786899291222058,0.5893858414683898,"treino=SMS, teste=e-mail"
2026-09-22,fase3-canal,v2,multinomial_nb,0.6287929871881321,0.4188911704312115,0.026743576297850027,0.05027726432532347,0.597927935190085,"treino=SMS, teste=e-mail"
2026-09-22,fase3-canal,v2,logreg,0.9698736637512148,0.9896907216494846,0.7619047619047619,0.8609865470852018,0.9972050835838211,"treino=SMS, teste=SMS"
2026-09-22,fase3-canal,v2,linear_svc,0.989310009718173,0.9831932773109243,0.9285714285714286,0.9551020408163265,0.9975830125331786,"treino=SMS, teste=SMS"
2026-09-22,fase3-canal,v2,multinomial_nb,0.9708454810495627,1.0,0.7619047619047619,0.8648648648648649,0.9854804971084041,"treino=SMS, teste=SMS"
2026-09-22,fase3-canal,v2,logreg,0.967874000577979,0.970783173272014,0.9408757210277924,0.9555954996338459,0.9954602258803192,"treino=ambos, teste=e-mail"
2026-09-22,fase3-canal,v2,linear_svc,0.9777478084962913,0.9731907025884838,0.9660461457787101,0.9696052631578947,0.9966219533014903,"treino=ambos, teste=e-mail"
2026-09-22,fase3-canal,v2,multinomial_nb,0.954484153742414,0.9522262823115442,0.9223911903513372,0.9370713191716055,0.990198420835646,"treino=ambos, teste=e-mail"
2026-09-22,fase3-canal,v2,logreg,0.8833819241982507,0.5135135135135135,0.9047619047619048,0.6551724137931034,0.9514141573942239,"treino=ambos, teste=SMS"
2026-09-22,fase3-canal,v2,linear_svc,0.8824101068999028,0.5109170305676856,0.9285714285714286,0.6591549295774648,0.9665225263231908,"treino=ambos, teste=SMS"
2026-09-22,fase3-canal,v2,multinomial_nb,0.8406219630709426,0.4246031746031746,0.8492063492063492,0.5661375661375662,0.912592944154406,"treino=ambos, teste=SMS"
2026-09-22,fase3-canal,v2,logreg,0.9737501204122917,0.9653133622388648,0.963162034609334,0.964236498457904,0.9958947569919644,"treino=e-mail, teste=e-mail"
2026-09-22,fase3-canal,v2,linear_svc,0.9795780753299297,0.9694994786235662,0.975091767173571,0.9722875816993464,0.9970949128777797,"treino=e-mail, teste=e-mail"
2026-09-22,fase3-canal,v2,multinomial_nb,0.9563625854927271,0.9496922665239497,0.9305191400104876,0.9400079459674215,0.990319325768695,"treino=e-mail, teste=e-mail"
2026-09-22,fase3-canal,v2,logreg,0.42759961127308066,0.16204379562043797,0.8809523809523809,0.27373612823674476,0.6788834396807819,"treino=e-mail, teste=SMS"
2026-09-22,fase3-canal,v2,linear_svc,0.42759961127308066,0.16005873715124816,0.8650793650793651,0.2701363073110285,0.6832164390303925,"treino=e-mail, teste=SMS"
2026-09-22,fase3-canal,v2,multinomial_nb,0.6656948493683188,0.2315270935960591,0.746031746031746,0.3533834586466165,0.7696742779799258,"treino=e-mail, teste=SMS"
2026-09-22,fase3-canal,v2,logreg,0.6344282824390713,0.5138888888888888,0.0921604614577871,0.1562916851934193,0.5760628075624663,"treino=SMS, teste=e-mail"
2026-09-22,fase3-canal,v2,linear_svc,0.6157884596859647,0.46651314526962195,0.3186942842160461,0.3786899291222058,0.5893858414683898,"treino=SMS, teste=e-mail"
2026-09-22,fase3-canal,v2,multinomial_nb,0.6287929871881321,0.4188911704312115,0.026743576297850027,0.05027726432532347,0.597927935190085,"treino=SMS, teste=e-mail"
2026-09-22,fase3-canal,v2,logreg,0.9698736637512148,0.9896907216494846,0.7619047619047619,0.8609865470852018,0.9972050835838211,"treino=SMS, teste=SMS"
2026-09-22,fase3-canal,v2,linear_svc,0.989310009718173,0.9831932773109243,0.9285714285714286,0.9551020408163265,0.9975830125331786,"treino=SMS, teste=SMS"
2026-09-22,fase3-canal,v2,multinomial_nb,0.9708454810495627,1.0,0.7619047619047619,0.8648648648648649,0.9854804971084041,"treino=SMS, teste=SMS"
2026-09-22,fase3-canal,v2,logreg,0.967874000577979,0.970783173272014,0.9408757210277924,0.9555954996338459,0.9954602258803192,"treino=ambos, teste=e-mail"
2026-09-22,fase3-canal,v2,linear_svc,0.9777478084962913,0.9731907025884838,0.9660461457787101,0.9696052631578947,0.9966219533014903,"treino=ambos, teste=e-mail"
2026-09-22,fase3-canal,v2,multinomial_nb,0.954484153742414,0.9522262823115442,0.9223911903513372,0.9370713191716055,0.990198420835646,"treino=ambos, teste=e-mail"
2026-09-22,fase3-canal,v2,logreg,0.8833819241982507,0.5135135135135135,0.9047619047619048,0.6551724137931034,0.9514141573942239,"treino=ambos, teste=SMS"
2026-09-22,fase3-canal,v2,linear_svc,0.8824101068999028,0.5109170305676856,0.9285714285714286,0.6591549295774648,0.9665225263231908,"treino=ambos, teste=SMS"
2026-09-22,fase3-canal,v2,multinomial_nb,0.8406219630709426,0.4246031746031746,0.8492063492063492,0.5661375661375662,0.912592944154406,"treino=ambos, teste=SMS"
2026-09-25,fase4-producao,v2,nlp_email,0.9739909449956652,0.9658254468980021,0.9632931305715784,0.9645576266736676,0.9958216031692683,"modelo de producao, canal=email"
2026-09-25,fase4-producao,v2,nlp_sms,0.9698736637512148,0.9896907216494846,0.7619047619047619,0.8609865470852018,0.9972050835838211,"modelo de producao, canal=sms"
2026-09-25,fase4-producao,url_v1,url_rf,0.9961138637909259,0.9938361131254533,0.9916787264833574,0.9927562477363274,0.99934916393707,"modelo de producao, modulo de URL"
